<?xml version='1.1' encoding='UTF-8'?>
<annotation-array>
  <bug plugin="pmd@3.50">
    <message>Avoid empty finally blocks.</message>
    <priority>NORMAL</priority>
    <key>3967327636177972257</key>
    <lineRanges>
      <range plugin="analysis-core@1.95">
        <start>82</start>
        <end>83</end>
      </range>
    </lineRanges>
    <primaryLineNumber>82</primaryLineNumber>
    <fileName>/var/lib/jenkins/workspace/DevCodeReview/src/main/java/com/edurekademo/utilities/PropertyHelper.java</fileName>
    <moduleName></moduleName>
    <packageName>com.edurekademo.utilities</packageName>
    <category>Empty Code</category>
    <type>EmptyFinallyBlock</type>
    <contextHashCode>94552820</contextHashCode>
    <origin>pmd</origin>
    <pathName>src/main/java/com/edurekademo/utilities</pathName>
    <primaryColumnStart>10</primaryColumnStart>
    <primaryColumnEnd>10</primaryColumnEnd>
    <build>2</build>
    <authorName>root</authorName>
    <authorEmail>root@test01.edureka.com</authorEmail>
    <commitId>c986b9eb275ae50c5a7b9b1d757be5c58e38c0da</commitId>
    <tooltip></tooltip>
  </bug>
  <bug plugin="pmd@3.50">
    <message>Avoid unused private fields such as &apos;LOG&apos;.</message>
    <priority>NORMAL</priority>
    <key>3967327636177972258</key>
    <lineRanges>
      <range plugin="analysis-core@1.95">
        <start>39</start>
        <end>39</end>
      </range>
    </lineRanges>
    <primaryLineNumber>39</primaryLineNumber>
    <fileName>/var/lib/jenkins/workspace/DevCodeReview/src/main/java/com/edurekademo/utilities/PropertyLoader.java</fileName>
    <moduleName reference="../../bug/moduleName"/>
    <packageName reference="../../bug/packageName"/>
    <category>Unused Code</category>
    <type>UnusedPrivateField</type>
    <contextHashCode>587183845</contextHashCode>
    <origin>pmd</origin>
    <pathName>src/main/java/com/edurekademo/utilities</pathName>
    <primaryColumnStart>37</primaryColumnStart>
    <primaryColumnEnd>39</primaryColumnEnd>
    <build>2</build>
    <authorName>root</authorName>
    <authorEmail>root@test01.edureka.com</authorEmail>
    <commitId>c986b9eb275ae50c5a7b9b1d757be5c58e38c0da</commitId>
    <tooltip></tooltip>
  </bug>
  <bug plugin="pmd@3.50">
    <message>Useless parentheses.</message>
    <priority>NORMAL</priority>
    <key>3967327636177972260</key>
    <lineRanges>
      <range plugin="analysis-core@1.95">
        <start>98</start>
        <end>98</end>
      </range>
    </lineRanges>
    <primaryLineNumber>98</primaryLineNumber>
    <fileName reference="../../bug[2]/fileName"/>
    <moduleName reference="../../bug/moduleName"/>
    <packageName reference="../../bug/packageName"/>
    <category>Unnecessary</category>
    <type>UselessParentheses</type>
    <contextHashCode>-1156383899</contextHashCode>
    <origin>pmd</origin>
    <pathName>src/main/java/com/edurekademo/utilities</pathName>
    <primaryColumnStart>47</primaryColumnStart>
    <primaryColumnEnd>60</primaryColumnEnd>
    <build>2</build>
    <authorName>root</authorName>
    <authorEmail>root@test01.edureka.com</authorEmail>
    <commitId>c986b9eb275ae50c5a7b9b1d757be5c58e38c0da</commitId>
    <tooltip></tooltip>
  </bug>
  <bug plugin="pmd@3.50">
    <message reference="../../bug[3]/message"/>
    <priority>NORMAL</priority>
    <key>3967327636177972262</key>
    <lineRanges>
      <range plugin="analysis-core@1.95">
        <start>136</start>
        <end>136</end>
      </range>
    </lineRanges>
    <primaryLineNumber>136</primaryLineNumber>
    <fileName>/var/lib/jenkins/workspace/DevCodeReview/src/main/java/com/edurekademo/utilities/StringUtilities.java</fileName>
    <moduleName reference="../../bug/moduleName"/>
    <packageName reference="../../bug/packageName"/>
    <category>Unnecessary</category>
    <type>UselessParentheses</type>
    <contextHashCode>-265796063</contextHashCode>
    <origin>pmd</origin>
    <pathName>src/main/java/com/edurekademo/utilities</pathName>
    <primaryColumnStart>22</primaryColumnStart>
    <primaryColumnEnd>34</primaryColumnEnd>
    <build>2</build>
    <authorName>root</authorName>
    <authorEmail>root@test01.edureka.com</authorEmail>
    <commitId>c986b9eb275ae50c5a7b9b1d757be5c58e38c0da</commitId>
    <tooltip></tooltip>
  </bug>
  <bug plugin="pmd@3.50">
    <message reference="../../bug/message"/>
    <priority>NORMAL</priority>
    <key>3967327636177972256</key>
    <lineRanges>
      <range plugin="analysis-core@1.95">
        <start>57</start>
        <end>58</end>
      </range>
    </lineRanges>
    <primaryLineNumber>57</primaryLineNumber>
    <fileName reference="../../bug/fileName"/>
    <moduleName reference="../../bug/moduleName"/>
    <packageName reference="../../bug/packageName"/>
    <category>Empty Code</category>
    <type>EmptyFinallyBlock</type>
    <contextHashCode>94552820</contextHashCode>
    <origin>pmd</origin>
    <pathName>src/main/java/com/edurekademo/utilities</pathName>
    <primaryColumnStart>10</primaryColumnStart>
    <primaryColumnEnd>10</primaryColumnEnd>
    <build>2</build>
    <authorName>root</authorName>
    <authorEmail>root@test01.edureka.com</authorEmail>
    <commitId>c986b9eb275ae50c5a7b9b1d757be5c58e38c0da</commitId>
    <tooltip></tooltip>
  </bug>
  <bug plugin="pmd@3.50">
    <message>Avoid empty catch blocks.</message>
    <priority>NORMAL</priority>
    <key>3967327636177972254</key>
    <lineRanges>
      <range plugin="analysis-core@1.95">
        <start>89</start>
        <end>91</end>
      </range>
    </lineRanges>
    <primaryLineNumber>89</primaryLineNumber>
    <fileName>/var/lib/jenkins/workspace/DevCodeReview/src/main/java/com/edurekademo/tutorial/addressbook/ContactForm.java</fileName>
    <moduleName reference="../../bug/moduleName"/>
    <packageName>com.edurekademo.tutorial.addressbook</packageName>
    <category>Empty Code</category>
    <type>EmptyCatchBlock</type>
    <contextHashCode>2002128787</contextHashCode>
    <origin>pmd</origin>
    <pathName>src/main/java/com/edurekademo/tutorial/addressbook</pathName>
    <primaryColumnStart>11</primaryColumnStart>
    <primaryColumnEnd>9</primaryColumnEnd>
    <build>2</build>
    <authorName>root</authorName>
    <authorEmail>root@test01.edureka.com</authorEmail>
    <commitId>c986b9eb275ae50c5a7b9b1d757be5c58e38c0da</commitId>
    <tooltip></tooltip>
  </bug>
  <bug plugin="pmd@3.50">
    <message reference="../../bug[3]/message"/>
    <priority>NORMAL</priority>
    <key>3967327636177972263</key>
    <lineRanges>
      <range plugin="analysis-core@1.95">
        <start>183</start>
        <end>183</end>
      </range>
    </lineRanges>
    <primaryLineNumber>183</primaryLineNumber>
    <fileName reference="../../bug[4]/fileName"/>
    <moduleName reference="../../bug/moduleName"/>
    <packageName reference="../../bug/packageName"/>
    <category>Unnecessary</category>
    <type>UselessParentheses</type>
    <contextHashCode>1051367550</contextHashCode>
    <origin>pmd</origin>
    <pathName>src/main/java/com/edurekademo/utilities</pathName>
    <primaryColumnStart>31</primaryColumnStart>
    <primaryColumnEnd>71</primaryColumnEnd>
    <build>2</build>
    <authorName>root</authorName>
    <authorEmail>root@test01.edureka.com</authorEmail>
    <commitId>c986b9eb275ae50c5a7b9b1d757be5c58e38c0da</commitId>
    <tooltip></tooltip>
  </bug>
  <bug plugin="pmd@3.50">
    <message reference="../../bug[2]/message"/>
    <priority>NORMAL</priority>
    <key>3967327636177972261</key>
    <lineRanges>
      <range plugin="analysis-core@1.95">
        <start>66</start>
        <end>66</end>
      </range>
    </lineRanges>
    <primaryLineNumber>66</primaryLineNumber>
    <fileName reference="../../bug[4]/fileName"/>
    <moduleName reference="../../bug/moduleName"/>
    <packageName reference="../../bug/packageName"/>
    <category>Unused Code</category>
    <type>UnusedPrivateField</type>
    <contextHashCode>607318775</contextHashCode>
    <origin>pmd</origin>
    <pathName>src/main/java/com/edurekademo/utilities</pathName>
    <primaryColumnStart>37</primaryColumnStart>
    <primaryColumnEnd>39</primaryColumnEnd>
    <build>2</build>
    <authorName>root</authorName>
    <authorEmail>root@test01.edureka.com</authorEmail>
    <commitId>c986b9eb275ae50c5a7b9b1d757be5c58e38c0da</commitId>
    <tooltip></tooltip>
  </bug>
  <bug plugin="pmd@3.50">
    <message reference="../../bug[3]/message"/>
    <priority>NORMAL</priority>
    <key>3967327636177972264</key>
    <lineRanges>
      <range plugin="analysis-core@1.95">
        <start>184</start>
        <end>184</end>
      </range>
    </lineRanges>
    <primaryLineNumber>184</primaryLineNumber>
    <fileName reference="../../bug[4]/fileName"/>
    <moduleName reference="../../bug/moduleName"/>
    <packageName reference="../../bug/packageName"/>
    <category>Unnecessary</category>
    <type>UselessParentheses</type>
    <contextHashCode>-1073650709</contextHashCode>
    <origin>pmd</origin>
    <pathName>src/main/java/com/edurekademo/utilities</pathName>
    <primaryColumnStart>34</primaryColumnStart>
    <primaryColumnEnd>74</primaryColumnEnd>
    <build>2</build>
    <authorName>root</authorName>
    <authorEmail>root@test01.edureka.com</authorEmail>
    <commitId>c986b9eb275ae50c5a7b9b1d757be5c58e38c0da</commitId>
    <tooltip></tooltip>
  </bug>
  <bug plugin="pmd@3.50">
    <message reference="../../bug[3]/message"/>
    <priority>NORMAL</priority>
    <key>3967327636177972255</key>
    <lineRanges>
      <range plugin="analysis-core@1.95">
        <start>62</start>
        <end>62</end>
      </range>
    </lineRanges>
    <primaryLineNumber>62</primaryLineNumber>
    <fileName>/var/lib/jenkins/workspace/DevCodeReview/src/main/java/com/edurekademo/tutorial/addressbook/backend/ContactService.java</fileName>
    <moduleName reference="../../bug/moduleName"/>
    <packageName>com.edurekademo.tutorial.addressbook.backend</packageName>
    <category>Unnecessary</category>
    <type>UselessParentheses</type>
    <contextHashCode>-1114560230</contextHashCode>
    <origin>pmd</origin>
    <pathName>src/main/java/com/edurekademo/tutorial/addressbook/backend</pathName>
    <primaryColumnStart>41</primaryColumnStart>
    <primaryColumnEnd>86</primaryColumnEnd>
    <build>2</build>
    <authorName>root</authorName>
    <authorEmail>root@test01.edureka.com</authorEmail>
    <commitId>c986b9eb275ae50c5a7b9b1d757be5c58e38c0da</commitId>
    <tooltip></tooltip>
  </bug>
  <bug plugin="pmd@3.50">
    <message reference="../../bug[6]/message"/>
    <priority>NORMAL</priority>
    <key>3967327636177972259</key>
    <lineRanges>
      <range plugin="analysis-core@1.95">
        <start>96</start>
        <end>96</end>
      </range>
    </lineRanges>
    <primaryLineNumber>96</primaryLineNumber>
    <fileName reference="../../bug[2]/fileName"/>
    <moduleName reference="../../bug/moduleName"/>
    <packageName reference="../../bug/packageName"/>
    <category>Empty Code</category>
    <type>EmptyCatchBlock</type>
    <contextHashCode>-838936993</contextHashCode>
    <origin>pmd</origin>
    <pathName>src/main/java/com/edurekademo/utilities</pathName>
    <primaryColumnStart>25</primaryColumnStart>
    <primaryColumnEnd>51</primaryColumnEnd>
    <build>2</build>
    <authorName>root</authorName>
    <authorEmail>root@test01.edureka.com</authorEmail>
    <commitId>c986b9eb275ae50c5a7b9b1d757be5c58e38c0da</commitId>
    <tooltip></tooltip>
  </bug>
</annotation-array>