<?xml version='1.1' encoding='UTF-8'?>
<Tag plugin="workflow-support@3.2">
  <node class="cps.n.StepStartNode" plugin="workflow-cps@2.60">
    <parentIds>
      <string>9</string>
    </parentIds>
    <id>10</id>
    <descriptorId>org.jenkinsci.plugins.workflow.steps.EnvStep</descriptorId>
  </node>
  <actions>
    <s.a.LogStorageAction/>
    <cps.a.ArgumentsActionImpl plugin="workflow-cps@2.60">
      <arguments>
        <entry>
          <string>overrides</string>
          <list>
            <string>GIT_BRANCH=origin/master</string>
            <string>GIT_COMMIT=883e0c8f68aa718b1e49f3097d07b156e8a74de7</string>
            <string>GIT_URL=https://github.com/deepkumarchaudhary/jenkinspipeline.git</string>
          </list>
        </entry>
      </arguments>
      <isUnmodifiedBySanitization>true</isUnmodifiedBySanitization>
    </cps.a.ArgumentsActionImpl>
    <wf.a.TimingAction plugin="workflow-api@2.33">
      <startTime>1550331632641</startTime>
    </wf.a.TimingAction>
  </actions>
</Tag>