<?xml version='1.1' encoding='UTF-8'?>
<Tag plugin="workflow-support@3.2">
  <node class="cps.n.StepAtomNode" plugin="workflow-cps@2.60">
    <parentIds>
      <string>15</string>
    </parentIds>
    <id>16</id>
    <descriptorId>org.jenkinsci.plugins.workflow.steps.CoreStep</descriptorId>
  </node>
  <actions>
    <cps.a.ArgumentsActionImpl plugin="workflow-cps@2.60">
      <arguments>
        <entry>
          <string>delegate</string>
          <org.jenkinsci.plugins.structs.describable.UninstantiatedDescribable plugin="structs@1.17">
            <symbol>archiveArtifacts</symbol>
            <arguments class="tree-map">
              <entry>
                <string>artifacts</string>
                <string>**/target/*war</string>
              </entry>
            </arguments>
          </org.jenkinsci.plugins.structs.describable.UninstantiatedDescribable>
        </entry>
      </arguments>
      <isUnmodifiedBySanitization>true</isUnmodifiedBySanitization>
    </cps.a.ArgumentsActionImpl>
    <wf.a.TimingAction plugin="workflow-api@2.33">
      <startTime>1550331661512</startTime>
    </wf.a.TimingAction>
    <s.a.LogStorageAction/>
  </actions>
</Tag>