<?xml version='1.1' encoding='UTF-8'?>
<Tag plugin="workflow-support@3.2">
  <node class="cps.n.StepStartNode" plugin="workflow-cps@2.60">
    <parentIds>
      <string>27</string>
    </parentIds>
    <id>28</id>
    <descriptorId>org.jenkinsci.plugins.workflow.steps.TimeoutStep</descriptorId>
  </node>
  <actions>
    <s.a.LogStorageAction/>
    <cps.a.ArgumentsActionImpl plugin="workflow-cps@2.60">
      <arguments>
        <entry>
          <string>unit</string>
          <string>DAYS</string>
        </entry>
        <entry>
          <string>time</string>
          <int>5</int>
        </entry>
      </arguments>
      <isUnmodifiedBySanitization>true</isUnmodifiedBySanitization>
    </cps.a.ArgumentsActionImpl>
    <wf.a.TimingAction plugin="workflow-api@2.33">
      <startTime>1550331674217</startTime>
    </wf.a.TimingAction>
  </actions>
</Tag>