<?xml version='1.1' encoding='UTF-8'?>
<result plugin="junit@1.26.1">
  <suites>
    <suite>
      <file>/var/lib/jenkins/workspace/QAUnitTest/target/surefire-reports/TEST-com.edurekademo.utilities.TestGenericComparator.xml</file>
      <name>com.edurekademo.utilities.TestGenericComparator</name>
      <duration>0.166</duration>
      <time>0.166</time>
      <enclosingBlocks/>
      <enclosingBlockNames/>
      <cases>
        <case>
          <duration>0.074</duration>
          <className>com.edurekademo.utilities.TestGenericComparator</className>
          <testName>testSortEmpNameAsc</testName>
          <skipped>false</skipped>
          <failedSince>0</failedSince>
        </case>
        <case>
          <duration>0.007</duration>
          <className>com.edurekademo.utilities.TestGenericComparator</className>
          <testName>testSortEmpNameDesc</testName>
          <skipped>false</skipped>
          <failedSince>0</failedSince>
        </case>
        <case>
          <duration>0.005</duration>
          <className>com.edurekademo.utilities.TestGenericComparator</className>
          <testName>testSortEmpIDAsc</testName>
          <skipped>false</skipped>
          <failedSince>0</failedSince>
        </case>
        <case>
          <duration>0.003</duration>
          <className>com.edurekademo.utilities.TestGenericComparator</className>
          <testName>testSortEmpIDDesc</testName>
          <skipped>false</skipped>
          <failedSince>0</failedSince>
        </case>
        <case>
          <duration>0.014</duration>
          <className>com.edurekademo.utilities.TestGenericComparator</className>
          <testName>testSortEmpSpareAsc</testName>
          <skipped>false</skipped>
          <failedSince>0</failedSince>
        </case>
        <case>
          <duration>0.001</duration>
          <className>com.edurekademo.utilities.TestGenericComparator</className>
          <testName>testSortEmpSpareDesc</testName>
          <skipped>false</skipped>
          <failedSince>0</failedSince>
        </case>
        <case>
          <duration>0.007</duration>
          <className>com.edurekademo.utilities.TestGenericComparator</className>
          <testName>testSortEmpSpareDesc2</testName>
          <skipped>false</skipped>
          <failedSince>0</failedSince>
        </case>
        <case>
          <duration>0.001</duration>
          <className>com.edurekademo.utilities.TestGenericComparator</className>
          <testName>testSortEmpSpareAsc2</testName>
          <skipped>false</skipped>
          <failedSince>0</failedSince>
        </case>
        <case>
          <duration>0.0</duration>
          <className>com.edurekademo.utilities.TestGenericComparator</className>
          <testName>testSortEmpSpare2StringAsc</testName>
          <skipped>false</skipped>
          <failedSince>0</failedSince>
        </case>
        <case>
          <duration>0.001</duration>
          <className>com.edurekademo.utilities.TestGenericComparator</className>
          <testName>testSortEmpSpare2StringDesc</testName>
          <skipped>false</skipped>
          <failedSince>0</failedSince>
        </case>
        <case>
          <duration>0.039</duration>
          <className>com.edurekademo.utilities.TestGenericComparator</className>
          <testName>testSortEmpNameAscNewComparator</testName>
          <skipped>false</skipped>
          <failedSince>0</failedSince>
        </case>
        <case>
          <duration>0.0</duration>
          <className>com.edurekademo.utilities.TestGenericComparator</className>
          <testName>testSortEmpNameAscNewComparator3Element</testName>
          <skipped>false</skipped>
          <failedSince>0</failedSince>
        </case>
        <case>
          <duration>0.0</duration>
          <className>com.edurekademo.utilities.TestGenericComparator</className>
          <testName>testSortEmpNameDescNewComparator3Element</testName>
          <skipped>false</skipped>
          <failedSince>0</failedSince>
        </case>
        <case>
          <duration>0.003</duration>
          <className>com.edurekademo.utilities.TestGenericComparator</className>
          <testName>testDoubleSort</testName>
          <skipped>false</skipped>
          <failedSince>0</failedSince>
        </case>
      </cases>
    </suite>
    <suite>
      <file>/var/lib/jenkins/workspace/QAUnitTest/target/surefire-reports/TEST-com.edurekademo.utilities.TestHexAsciiConversion.xml</file>
      <name>com.edurekademo.utilities.TestHexAsciiConversion</name>
      <duration>0.033</duration>
      <time>0.033</time>
      <enclosingBlocks/>
      <enclosingBlockNames/>
      <cases>
        <case>
          <duration>0.022</duration>
          <className>com.edurekademo.utilities.TestHexAsciiConversion</className>
          <testName>testAsciiToHexValid</testName>
          <skipped>false</skipped>
          <failedSince>0</failedSince>
        </case>
        <case>
          <duration>0.005</duration>
          <className>com.edurekademo.utilities.TestHexAsciiConversion</className>
          <testName>testAsciiToHexNull</testName>
          <skipped>false</skipped>
          <failedSince>0</failedSince>
        </case>
        <case>
          <duration>0.033</duration>
          <className>com.edurekademo.utilities.TestHexAsciiConversion</className>
          <testName>testHexToAsciiValid</testName>
          <skipped>false</skipped>
          <failedSince>0</failedSince>
        </case>
        <case>
          <duration>0.0</duration>
          <className>com.edurekademo.utilities.TestHexAsciiConversion</className>
          <testName>testHextoAsciiNull</testName>
          <skipped>false</skipped>
          <failedSince>0</failedSince>
        </case>
      </cases>
    </suite>
    <suite>
      <file>/var/lib/jenkins/workspace/QAUnitTest/target/surefire-reports/TEST-com.edurekademo.utilities.TestLogger.xml</file>
      <name>com.edurekademo.utilities.TestLogger</name>
      <duration>0.139</duration>
      <time>0.139</time>
      <enclosingBlocks/>
      <enclosingBlockNames/>
      <cases>
        <case>
          <duration>0.127</duration>
          <className>com.edurekademo.utilities.TestLogger</className>
          <testName>testGetErrorMessage2</testName>
          <skipped>false</skipped>
          <failedSince>0</failedSince>
        </case>
        <case>
          <duration>0.132</duration>
          <className>com.edurekademo.utilities.TestLogger</className>
          <testName>testGetErrorMessage1</testName>
          <skipped>false</skipped>
          <failedSince>0</failedSince>
        </case>
        <case>
          <duration>0.111</duration>
          <className>com.edurekademo.utilities.TestLogger</className>
          <testName>testGetErrorMessage3</testName>
          <skipped>false</skipped>
          <failedSince>0</failedSince>
        </case>
        <case>
          <duration>0.091</duration>
          <className>com.edurekademo.utilities.TestLogger</className>
          <testName>testGetErrorMessage4</testName>
          <skipped>false</skipped>
          <failedSince>0</failedSince>
        </case>
        <case>
          <duration>0.095</duration>
          <className>com.edurekademo.utilities.TestLogger</className>
          <testName>testGetErrorMessage5</testName>
          <skipped>false</skipped>
          <failedSince>0</failedSince>
        </case>
      </cases>
    </suite>
  </suites>
  <duration>0.338</duration>
  <keepLongStdio>false</keepLongStdio>
</result>