<?xml version='1.1' encoding='UTF-8'?>
<Tag plugin="workflow-support@3.2">
  <node class="org.jenkinsci.plugins.workflow.graph.FlowEndNode" plugin="workflow-api@2.33">
    <parentIds>
      <string>34</string>
    </parentIds>
    <id>35</id>
    <startId>2</startId>
    <result>
      <name>FAILURE</name>
      <ordinal>2</ordinal>
      <color>RED</color>
      <completeBuild>true</completeBuild>
    </result>
  </node>
  <actions>
    <wf.a.ErrorAction plugin="workflow-api@2.33">
      <error class="java.lang.NoSuchMethodError">
        <detailMessage>No such DSL method &apos;post&apos; found among steps [archive, bat, build, catchError, checkout, deleteDir, dir, dockerFingerprintFrom, dockerFingerprintRun, echo, emailext, emailextrecipients, envVarsForTool, error, fileExists, getContext, git, input, isUnix, junit, library, libraryResource, load, lock, mail, milestone, node, parallel, powershell, properties, publishEventQ, publishHTML, publishTeamForge, pwd, readFile, readTrusted, resolveScm, retry, script, sh, sleep, stage, stash, step, svn, task, timeout, tm, tool, unarchive, unstash, validateDeclarativePipeline, waitUntil, withContext, withCredentials, withDockerContainer, withDockerRegistry, withDockerServer, withEnv, withMaven, wrap, writeFile, ws] or symbols [all, allOf, always, antPath, any, anyOf, apiToken, architecture, archiveArtifacts, artifactManager, artifactsPublisher, authorizationMatrix, batchFile, booleanParam, branch, brokenBuildSuspects, brokenTestsSuspects, buildButton, buildDiscarder, buildingTag, caseInsensitive, caseSensitive, certificate, changeRequest, changelog, changeset, checkoutToSubdirectory, choice, choiceParam, clock, cloud, cobertura, coberturaAdapter, command, concordionPublisher, configFile, configFileProvider, credentials, cron, crumb, culprits, defaultView, demand, dependenciesFingerprintPublisher, developers, disableConcurrentBuilds, disableResume, docker, dockerCert, dockerfile, downloadSettings, downstream, dumb, durabilityHint, envVars, environment, equals, expression, file, fileParam, filePath, findbugsPublisher, fingerprint, frameOptions, freeStyle, freeStyleJob, fromScm, fromSource, git, github, githubPush, globalConfigFiles, headRegexFilter, headWildcardFilter, hyperlink, hyperlinkToModels, inheriting, inheritingGlobal, installSource, invokerPublisher, isRestartedRun, istanbulCobertura, istanbulCoberturaAdapter, jacoco, jacocoAdapter, jacocoPublisher, jdk, jdkInstaller, jgit, jgitapache, jgivenPublisher, jnlp, jobName, junitPublisher, label, lastDuration, lastFailure, lastGrantedAuthorities, lastStable, lastSuccess, legacy, legacySCM, list, local, location, logRotator, loggedInUsersCanDoAnything, masterBuild, maven, maven3Mojos, mavenErrors, mavenLinkerPublisher, mavenMojos, mavenWarnings, modernSCM, myView, newContainerPerStage, node, nodeProperties, nonInheriting, nonStoredPasswordParam, none, not, openTasksPublisher, overrideIndexTriggers, paneStatus, parameters, password, pattern, permanent, pipeline-model, pipelineGraphPublisher, pipelineMaven, pipelineTriggers, plainText, plugin, pmd, pollSCM, preserveStashes, projectNamingStrategy, proxy, publishCoverage, queueItemAuthenticator, quietPeriod, rateLimitBuilds, recipients, remotingCLI, requestor, run, runParam, schedule, scmRetryCount, scriptApprovalLink, search, security, shell, skipDefaultCheckout, skipStagesAfterUnstable, slave, snapshotDependencies, sourceFiles, sourceRegexFilter, sourceWildcardFilter, spotbugsPublisher, sshUserPrivateKey, stackTrace, standard, status, string, stringParam, swapSpace, tag, text, textParam, tmpSpace, toolLocation, unsecured, upstream, upstreamDevelopers, userSeed, usernameColonPassword, usernamePassword, viewsTabBar, weather, zfs, zip] or globals [currentBuild, docker, env, params, pipeline, scm]</detailMessage>
        <stackTrace>
          <trace>org.jenkinsci.plugins.workflow.cps.DSL.invokeMethod(DSL.java:201)</trace>
          <trace>org.jenkinsci.plugins.workflow.cps.CpsScript.invokeMethod(CpsScript.java:122)</trace>
          <trace>sun.reflect.GeneratedMethodAccessor531.invoke(Unknown Source)</trace>
          <trace>sun.reflect.DelegatingMethodAccessorImpl.invoke(DelegatingMethodAccessorImpl.java:43)</trace>
          <trace>java.lang.reflect.Method.invoke(Method.java:498)</trace>
          <trace>org.codehaus.groovy.reflection.CachedMethod.invoke(CachedMethod.java:93)</trace>
          <trace>groovy.lang.MetaMethod.doMethodInvoke(MetaMethod.java:325)</trace>
          <trace>groovy.lang.MetaClassImpl.invokeMethod(MetaClassImpl.java:1213)</trace>
          <trace>groovy.lang.MetaClassImpl.invokeMethod(MetaClassImpl.java:1022)</trace>
          <trace>org.codehaus.groovy.runtime.callsite.PogoMetaClassSite.call(PogoMetaClassSite.java:42)</trace>
          <trace>org.codehaus.groovy.runtime.callsite.CallSiteArray.defaultCall(CallSiteArray.java:48)</trace>
          <trace>org.codehaus.groovy.runtime.callsite.AbstractCallSite.call(AbstractCallSite.java:113)</trace>
          <trace>org.kohsuke.groovy.sandbox.impl.Checker$1.call(Checker.java:157)</trace>
          <trace>org.kohsuke.groovy.sandbox.GroovyInterceptor.onMethodCall(GroovyInterceptor.java:23)</trace>
          <trace>org.jenkinsci.plugins.scriptsecurity.sandbox.groovy.SandboxInterceptor.onMethodCall(SandboxInterceptor.java:155)</trace>
          <trace>org.kohsuke.groovy.sandbox.impl.Checker$1.call(Checker.java:155)</trace>
          <trace>org.kohsuke.groovy.sandbox.impl.Checker.checkedCall(Checker.java:159)</trace>
          <trace>org.kohsuke.groovy.sandbox.impl.Checker.checkedCall(Checker.java:129)</trace>
          <trace>com.cloudbees.groovy.cps.sandbox.SandboxInvoker.methodCall(SandboxInvoker.java:17)</trace>
          <trace>WorkflowScript.run(WorkflowScript:28)</trace>
          <trace>org.jenkinsci.plugins.pipeline.modeldefinition.ModelInterpreter.delegateAndExecute(jar:file:/var/lib/jenkins/plugins/pipeline-model-definition/WEB-INF/lib/pipeline-model-definition.jar!/org/jenkinsci/plugins/pipeline/modeldefinition/ModelInterpreter.groovy:133)</trace>
          <trace>org.jenkinsci.plugins.pipeline.modeldefinition.ModelInterpreter.executeSingleStage(jar:file:/var/lib/jenkins/plugins/pipeline-model-definition/WEB-INF/lib/pipeline-model-definition.jar!/org/jenkinsci/plugins/pipeline/modeldefinition/ModelInterpreter.groovy:660)</trace>
          <trace>org.jenkinsci.plugins.pipeline.modeldefinition.ModelInterpreter.catchRequiredContextForNode(jar:file:/var/lib/jenkins/plugins/pipeline-model-definition/WEB-INF/lib/pipeline-model-definition.jar!/org/jenkinsci/plugins/pipeline/modeldefinition/ModelInterpreter.groovy:402)</trace>
          <trace>org.jenkinsci.plugins.pipeline.modeldefinition.ModelInterpreter.catchRequiredContextForNode(jar:file:/var/lib/jenkins/plugins/pipeline-model-definition/WEB-INF/lib/pipeline-model-definition.jar!/org/jenkinsci/plugins/pipeline/modeldefinition/ModelInterpreter.groovy:400)</trace>
          <trace>org.jenkinsci.plugins.pipeline.modeldefinition.ModelInterpreter.executeSingleStage(jar:file:/var/lib/jenkins/plugins/pipeline-model-definition/WEB-INF/lib/pipeline-model-definition.jar!/org/jenkinsci/plugins/pipeline/modeldefinition/ModelInterpreter.groovy:659)</trace>
          <trace>org.jenkinsci.plugins.pipeline.modeldefinition.ModelInterpreter.evaluateStage(jar:file:/var/lib/jenkins/plugins/pipeline-model-definition/WEB-INF/lib/pipeline-model-definition.jar!/org/jenkinsci/plugins/pipeline/modeldefinition/ModelInterpreter.groovy:279)</trace>
          <trace>org.jenkinsci.plugins.pipeline.modeldefinition.ModelInterpreter.toolsBlock(jar:file:/var/lib/jenkins/plugins/pipeline-model-definition/WEB-INF/lib/pipeline-model-definition.jar!/org/jenkinsci/plugins/pipeline/modeldefinition/ModelInterpreter.groovy:547)</trace>
          <trace>org.jenkinsci.plugins.pipeline.modeldefinition.ModelInterpreter.toolsBlock(jar:file:/var/lib/jenkins/plugins/pipeline-model-definition/WEB-INF/lib/pipeline-model-definition.jar!/org/jenkinsci/plugins/pipeline/modeldefinition/ModelInterpreter.groovy:546)</trace>
          <trace>org.jenkinsci.plugins.pipeline.modeldefinition.ModelInterpreter.evaluateStage(jar:file:/var/lib/jenkins/plugins/pipeline-model-definition/WEB-INF/lib/pipeline-model-definition.jar!/org/jenkinsci/plugins/pipeline/modeldefinition/ModelInterpreter.groovy:269)</trace>
          <trace>org.jenkinsci.plugins.pipeline.modeldefinition.ModelInterpreter.withEnvBlock(jar:file:/var/lib/jenkins/plugins/pipeline-model-definition/WEB-INF/lib/pipeline-model-definition.jar!/org/jenkinsci/plugins/pipeline/modeldefinition/ModelInterpreter.groovy:446)</trace>
          <trace>org.jenkinsci.plugins.pipeline.modeldefinition.ModelInterpreter.withEnvBlock(jar:file:/var/lib/jenkins/plugins/pipeline-model-definition/WEB-INF/lib/pipeline-model-definition.jar!/org/jenkinsci/plugins/pipeline/modeldefinition/ModelInterpreter.groovy:445)</trace>
          <trace>org.jenkinsci.plugins.pipeline.modeldefinition.ModelInterpreter.evaluateStage(jar:file:/var/lib/jenkins/plugins/pipeline-model-definition/WEB-INF/lib/pipeline-model-definition.jar!/org/jenkinsci/plugins/pipeline/modeldefinition/ModelInterpreter.groovy:268)</trace>
          <trace>org.jenkinsci.plugins.pipeline.modeldefinition.ModelInterpreter.withCredentialsBlock(jar:file:/var/lib/jenkins/plugins/pipeline-model-definition/WEB-INF/lib/pipeline-model-definition.jar!/org/jenkinsci/plugins/pipeline/modeldefinition/ModelInterpreter.groovy:484)</trace>
          <trace>org.jenkinsci.plugins.pipeline.modeldefinition.ModelInterpreter.withCredentialsBlock(jar:file:/var/lib/jenkins/plugins/pipeline-model-definition/WEB-INF/lib/pipeline-model-definition.jar!/org/jenkinsci/plugins/pipeline/modeldefinition/ModelInterpreter.groovy:483)</trace>
          <trace>org.jenkinsci.plugins.pipeline.modeldefinition.ModelInterpreter.evaluateStage(jar:file:/var/lib/jenkins/plugins/pipeline-model-definition/WEB-INF/lib/pipeline-model-definition.jar!/org/jenkinsci/plugins/pipeline/modeldefinition/ModelInterpreter.groovy:267)</trace>
          <trace>org.jenkinsci.plugins.pipeline.modeldefinition.ModelInterpreter.evaluateStage(jar:file:/var/lib/jenkins/plugins/pipeline-model-definition/WEB-INF/lib/pipeline-model-definition.jar!/org/jenkinsci/plugins/pipeline/modeldefinition/ModelInterpreter.groovy:299)</trace>
          <trace>org.jenkinsci.plugins.pipeline.modeldefinition.ModelInterpreter.inDeclarativeAgent(jar:file:/var/lib/jenkins/plugins/pipeline-model-definition/WEB-INF/lib/pipeline-model-definition.jar!/org/jenkinsci/plugins/pipeline/modeldefinition/ModelInterpreter.groovy:585)</trace>
          <trace>org.jenkinsci.plugins.pipeline.modeldefinition.ModelInterpreter.inDeclarativeAgent(jar:file:/var/lib/jenkins/plugins/pipeline-model-definition/WEB-INF/lib/pipeline-model-definition.jar!/org/jenkinsci/plugins/pipeline/modeldefinition/ModelInterpreter.groovy:584)</trace>
          <trace>org.jenkinsci.plugins.pipeline.modeldefinition.ModelInterpreter.evaluateStage(jar:file:/var/lib/jenkins/plugins/pipeline-model-definition/WEB-INF/lib/pipeline-model-definition.jar!/org/jenkinsci/plugins/pipeline/modeldefinition/ModelInterpreter.groovy:296)</trace>
          <trace>org.jenkinsci.plugins.pipeline.modeldefinition.ModelInterpreter.stageInput(jar:file:/var/lib/jenkins/plugins/pipeline-model-definition/WEB-INF/lib/pipeline-model-definition.jar!/org/jenkinsci/plugins/pipeline/modeldefinition/ModelInterpreter.groovy:363)</trace>
          <trace>org.jenkinsci.plugins.pipeline.modeldefinition.ModelInterpreter.stageInput(jar:file:/var/lib/jenkins/plugins/pipeline-model-definition/WEB-INF/lib/pipeline-model-definition.jar!/org/jenkinsci/plugins/pipeline/modeldefinition/ModelInterpreter.groovy:362)</trace>
          <trace>org.jenkinsci.plugins.pipeline.modeldefinition.ModelInterpreter.evaluateStage(jar:file:/var/lib/jenkins/plugins/pipeline-model-definition/WEB-INF/lib/pipeline-model-definition.jar!/org/jenkinsci/plugins/pipeline/modeldefinition/ModelInterpreter.groovy:265)</trace>
          <trace>org.jenkinsci.plugins.pipeline.modeldefinition.ModelInterpreter.inWrappers(jar:file:/var/lib/jenkins/plugins/pipeline-model-definition/WEB-INF/lib/pipeline-model-definition.jar!/org/jenkinsci/plugins/pipeline/modeldefinition/ModelInterpreter.groovy:612)</trace>
          <trace>org.jenkinsci.plugins.pipeline.modeldefinition.ModelInterpreter.inWrappers(jar:file:/var/lib/jenkins/plugins/pipeline-model-definition/WEB-INF/lib/pipeline-model-definition.jar!/org/jenkinsci/plugins/pipeline/modeldefinition/ModelInterpreter.groovy:611)</trace>
          <trace>org.jenkinsci.plugins.pipeline.modeldefinition.ModelInterpreter.evaluateStage(jar:file:/var/lib/jenkins/plugins/pipeline-model-definition/WEB-INF/lib/pipeline-model-definition.jar!/org/jenkinsci/plugins/pipeline/modeldefinition/ModelInterpreter.groovy:250)</trace>
          <trace>___cps.transform___(Native Method)</trace>
          <trace>com.cloudbees.groovy.cps.impl.ContinuationGroup.methodCall(ContinuationGroup.java:57)</trace>
          <trace>com.cloudbees.groovy.cps.impl.FunctionCallBlock$ContinuationImpl.dispatchOrArg(FunctionCallBlock.java:109)</trace>
          <trace>com.cloudbees.groovy.cps.impl.FunctionCallBlock$ContinuationImpl.fixArg(FunctionCallBlock.java:82)</trace>
          <trace>sun.reflect.GeneratedMethodAccessor397.invoke(Unknown Source)</trace>
          <trace>sun.reflect.DelegatingMethodAccessorImpl.invoke(DelegatingMethodAccessorImpl.java:43)</trace>
          <trace>java.lang.reflect.Method.invoke(Method.java:498)</trace>
          <trace>com.cloudbees.groovy.cps.impl.ContinuationPtr$ContinuationImpl.receive(ContinuationPtr.java:72)</trace>
          <trace>com.cloudbees.groovy.cps.impl.ClosureBlock.eval(ClosureBlock.java:46)</trace>
          <trace>com.cloudbees.groovy.cps.Next.step(Next.java:83)</trace>
          <trace>com.cloudbees.groovy.cps.Continuable$1.call(Continuable.java:174)</trace>
          <trace>com.cloudbees.groovy.cps.Continuable$1.call(Continuable.java:163)</trace>
          <trace>org.codehaus.groovy.runtime.GroovyCategorySupport$ThreadCategoryInfo.use(GroovyCategorySupport.java:129)</trace>
          <trace>org.codehaus.groovy.runtime.GroovyCategorySupport.use(GroovyCategorySupport.java:268)</trace>
          <trace>com.cloudbees.groovy.cps.Continuable.run0(Continuable.java:163)</trace>
          <trace>org.jenkinsci.plugins.workflow.cps.SandboxContinuable.access$101(SandboxContinuable.java:34)</trace>
          <trace>org.jenkinsci.plugins.workflow.cps.SandboxContinuable.lambda$run0$0(SandboxContinuable.java:59)</trace>
          <trace>org.jenkinsci.plugins.scriptsecurity.sandbox.groovy.GroovySandbox.runInSandbox(GroovySandbox.java:108)</trace>
          <trace>org.jenkinsci.plugins.workflow.cps.SandboxContinuable.run0(SandboxContinuable.java:58)</trace>
          <trace>org.jenkinsci.plugins.workflow.cps.CpsThread.runNextChunk(CpsThread.java:182)</trace>
          <trace>org.jenkinsci.plugins.workflow.cps.CpsThreadGroup.run(CpsThreadGroup.java:332)</trace>
          <trace>org.jenkinsci.plugins.workflow.cps.CpsThreadGroup.access$200(CpsThreadGroup.java:83)</trace>
          <trace>org.jenkinsci.plugins.workflow.cps.CpsThreadGroup$2.call(CpsThreadGroup.java:244)</trace>
          <trace>org.jenkinsci.plugins.workflow.cps.CpsThreadGroup$2.call(CpsThreadGroup.java:232)</trace>
          <trace>org.jenkinsci.plugins.workflow.cps.CpsVmExecutorService$2.call(CpsVmExecutorService.java:64)</trace>
          <trace>java.util.concurrent.FutureTask.run(FutureTask.java:266)</trace>
          <trace>hudson.remoting.SingleLaneExecutorService$1.run(SingleLaneExecutorService.java:131)</trace>
          <trace>jenkins.util.ContextResettingExecutorService$1.run(ContextResettingExecutorService.java:28)</trace>
          <trace>jenkins.security.ImpersonatingExecutorService$1.run(ImpersonatingExecutorService.java:59)</trace>
          <trace>java.util.concurrent.Executors$RunnableAdapter.call(Executors.java:511)</trace>
          <trace>java.util.concurrent.FutureTask.run(FutureTask.java:266)</trace>
          <trace>java.util.concurrent.ThreadPoolExecutor.runWorker(ThreadPoolExecutor.java:1149)</trace>
          <trace>java.util.concurrent.ThreadPoolExecutor$Worker.run(ThreadPoolExecutor.java:624)</trace>
          <trace>java.lang.Thread.run(Thread.java:748)</trace>
        </stackTrace>
        <suppressedExceptions class="java.util.Collections$UnmodifiableRandomAccessList" resolves-to="java.util.Collections$UnmodifiableList">
          <c class="list"/>
          <list reference="../c"/>
        </suppressedExceptions>
      </error>
    </wf.a.ErrorAction>
    <wf.a.TimingAction plugin="workflow-api@2.33">
      <startTime>1550332124185</startTime>
    </wf.a.TimingAction>
  </actions>
</Tag>