<?xml version='1.1' encoding='UTF-8'?>
<Tag plugin="workflow-support@2.22">
  <node class="cps.n.StepStartNode" plugin="workflow-cps@2.60">
    <parentIds>
      <string>14</string>
    </parentIds>
    <id>15</id>
    <descriptorId>org.jenkinsci.plugins.workflow.support.steps.StageStep</descriptorId>
  </node>
  <actions>
    <cps.a.ArgumentsActionImpl plugin="workflow-cps@2.60">
      <arguments>
        <entry>
          <string>name</string>
          <string>Deploy</string>
        </entry>
      </arguments>
      <isUnmodifiedBySanitization>true</isUnmodifiedBySanitization>
    </cps.a.ArgumentsActionImpl>
    <wf.a.TimingAction plugin="workflow-api@2.33">
      <startTime>1546023011005</startTime>
    </wf.a.TimingAction>
  </actions>
</Tag>