<?xml version='1.1' encoding='UTF-8'?>
<Tag plugin="workflow-support@3.2">
  <node class="cps.n.StepStartNode" plugin="workflow-cps@2.60">
    <parentIds>
      <string>9</string>
    </parentIds>
    <id>10</id>
    <descriptorId>org.jenkinsci.plugins.workflow.steps.EnvStep</descriptorId>
  </node>
  <actions>
    <s.a.LogStorageAction/>
    <cps.a.ArgumentsActionImpl plugin="workflow-cps@2.60">
      <arguments>
        <entry>
          <string>overrides</string>
          <list>
            <string>GIT_BRANCH=origin/master</string>
            <string>GIT_COMMIT=223491f238e9dc30ccbe6f9a0c1c6f95b825aed1</string>
            <string>GIT_PREVIOUS_COMMIT=f961a84d8e89bdf52d77df4bf9fd9790ca8ea4b9</string>
            <string>GIT_URL=https://github.com/deepkumarchaudhary/jenkinspipeline.git</string>
          </list>
        </entry>
      </arguments>
      <isUnmodifiedBySanitization>true</isUnmodifiedBySanitization>
    </cps.a.ArgumentsActionImpl>
    <wf.a.TimingAction plugin="workflow-api@2.33">
      <startTime>1550332250730</startTime>
    </wf.a.TimingAction>
  </actions>
</Tag>