<?xml version='1.1' encoding='UTF-8'?>
<Tag plugin="workflow-support@2.22">
  <node class="cps.n.StepStartNode" plugin="workflow-cps@2.60">
    <parentIds>
      <string>19</string>
    </parentIds>
    <id>22</id>
    <descriptorId>org.jenkinsci.plugins.workflow.cps.steps.ParallelStep</descriptorId>
  </node>
  <actions>
    <wf.a.BodyInvocationAction plugin="workflow-api@2.33"/>
    <org.jenkinsci.plugins.workflow.cps.steps.ParallelStepExecution_-ParallelLabelAction plugin="workflow-cps@2.60">
      <branchName>Deploy to Production</branchName>
    </org.jenkinsci.plugins.workflow.cps.steps.ParallelStepExecution_-ParallelLabelAction>
    <wf.a.TimingAction plugin="workflow-api@2.33">
      <startTime>1546021718998</startTime>
    </wf.a.TimingAction>
    <wf.a.TagsAction plugin="workflow-api@2.33">
      <tags>
        <entry>
          <string>STAGE_STATUS</string>
          <string>SKIPPED_FOR_FAILURE</string>
        </entry>
      </tags>
    </wf.a.TagsAction>
  </actions>
</Tag>